reference_answer,req_id,suite_key,suite_verdict,source_file,line,original,replacement,operator,seen_by_tests,killed_by_tests,survived_by_tests,timeout_by_tests,inconclusive_by_tests
https://anonymous.4open.science/r/E2EDev/E2EDev_data/E2ESD_Bench_01/,1,reference_answer=https://anonymous.4open.science/r/E2EDev/E2EDev_data/E2ESD_Bench_01/ | req_id=1,KILLED,source_project\index.html,108,$40,$41,PRICE_PLUS_ONE,1; 2; 3; 4,1,2; 3; 4,,
https://anonymous.4open.science/r/E2EDev/E2EDev_data/E2ESD_Bench_01/,1,reference_answer=https://anonymous.4open.science/r/E2EDev/E2EDev_data/E2ESD_Bench_01/ | req_id=1,KILLED,source_project\index.html,113,$120,$121,PRICE_PLUS_ONE,1; 2; 3; 4,2,1; 3; 4,,
https://anonymous.4open.science/r/E2EDev/E2EDev_data/E2ESD_Bench_01/,1,reference_answer=https://anonymous.4open.science/r/E2EDev/E2EDev_data/E2ESD_Bench_01/ | req_id=1,KILLED,source_project\index.html,118,$35,$36,PRICE_PLUS_ONE,1; 2; 3; 4,3,1; 2; 4,,
https://anonymous.4open.science/r/E2EDev/E2EDev_data/E2ESD_Bench_01/,3,reference_answer=https://anonymous.4open.science/r/E2EDev/E2EDev_data/E2ESD_Bench_01/ | req_id=3,KILLED,source_project\index.html,108,$40,$41,PRICE_PLUS_ONE,1; 2; 3; 4,1,2; 3; 4,,
https://anonymous.4open.science/r/E2EDev/E2EDev_data/E2ESD_Bench_01/,3,reference_answer=https://anonymous.4open.science/r/E2EDev/E2EDev_data/E2ESD_Bench_01/ | req_id=3,KILLED,source_project\index.html,113,$120,$121,PRICE_PLUS_ONE,1; 2; 3; 4,4,1; 2; 3,,
https://anonymous.4open.science/r/E2EDev/E2EDev_data/E2ESD_Bench_01/,3,reference_answer=https://anonymous.4open.science/r/E2EDev/E2EDev_data/E2ESD_Bench_01/ | req_id=3,KILLED,source_project\index.html,118,$35,$36,PRICE_PLUS_ONE,1; 2; 3; 4,3,1; 2; 4,,
https://anonymous.4open.science/r/E2EDev/E2EDev_data/E2ESD_Bench_01/,5,reference_answer=https://anonymous.4open.science/r/E2EDev/E2EDev_data/E2ESD_Bench_01/ | req_id=5,KILLED,source_project\index.html,108,$40,$41,PRICE_PLUS_ONE,1; 2; 3; 4,1; 2; 4,3,,
https://anonymous.4open.science/r/E2EDev/E2EDev_data/E2ESD_Bench_01/,5,reference_answer=https://anonymous.4open.science/r/E2EDev/E2EDev_data/E2ESD_Bench_01/ | req_id=5,KILLED,source_project\index.html,113,$120,$121,PRICE_PLUS_ONE,1; 2; 3; 4,2; 4,1; 3,,
https://anonymous.4open.science/r/E2EDev/E2EDev_data/E2ESD_Bench_01/,5,reference_answer=https://anonymous.4open.science/r/E2EDev/E2EDev_data/E2ESD_Bench_01/ | req_id=5,KILLED,source_project\index.html,118,$35,$36,PRICE_PLUS_ONE,1; 2; 3; 4,3; 4,1; 2,,
