id,req_id,test_id,prompt,requirement_summary,fine_grained_reqs,reference_answer,excutable_test_test_case,excutable_test_step_code,source_project_dir,eval_syntax_status,eval_requirement_score,eval_assertion_score,eval_hallucination_count,eval_maintainability_score,eval_static_overall_score,eval_overall_score,eval_score_mode,eval_final_summary,agent_results,eval_has_conflict,eval_critic_status,eval_critic_feedback,eval_critic_score_caveat,eval_improvement_report,eval_refiner_status,eval_refiner_scope,eval_refiner_scope_violation,eval_refiner_scope_violation_detail,eval_refiner_accepted,eval_refiner_rejection_reason,eval_refiner_candidate_code,eval_fixed_code,static_actions_count,static_assertions_count,static_stable_selectors,static_medium_risk_selectors,static_brittle_selectors,static_magic_numbers,eval_selector_issues,eval_duplication_issues,eval_naming_issues,eval_readability_issues,dynamic_execution_status,dynamic_execution_success,dynamic_execution_return_code,dynamic_execution_seconds,dynamic_execution_stdout_tail,dynamic_execution_stderr_tail,dynamic_execution_failed_steps,dynamic_execution_report_summary,dynamic_execution_artifact_dir,dynamic_behave_report_path,dynamic_execution_command,dynamic_execution_environment,dynamic_coverage_status,dynamic_coverage_score,dynamic_step_success_coverage,dynamic_action_step_coverage,dynamic_oracle_step_coverage,dynamic_steps_total,dynamic_steps_executed,dynamic_steps_passed,dynamic_steps_failed,dynamic_steps_skipped,dynamic_actions_total,dynamic_actions_passed,dynamic_oracles_total,dynamic_oracles_passed,dynamic_coverage_detail,coverage_status,coverage_execution_status,coverage_total_line,coverage_total_branch,coverage_covered_lines,coverage_missing_lines,coverage_covered_branches,coverage_missing_branches,coverage_source_files_measured,coverage_command_run,coverage_stdout_summary,coverage_stderr_summary,coverage_failure_reason,coverage_report_path,coverage_artifact_dir,coverage_result,reference_resolution,source_origin,input_source_project_dir,resolved_source_project_dir,resolved_entrypoint,local_override_diagnostic,dynamic_mutation_status,dynamic_mutation_score,dynamic_total_mutants_generated,dynamic_valid_mutants,dynamic_invalid_mutants,dynamic_per_operator_breakdown,dynamic_surviving_mutant_report,dynamic_mutants_total,dynamic_mutants_killed,dynamic_mutants_survived,dynamic_mutants_timeout,dynamic_mutants_inconclusive,dynamic_mutation_scope_status,dynamic_relevant_mutation_score,dynamic_relevant_mutants_total,dynamic_relevant_mutants_killed,dynamic_relevant_mutants_survived,dynamic_out_of_scope_mutants_total,dynamic_out_of_scope_mutants_survived,dynamic_uncertain_mutants_total,dynamic_uncertain_mutants_survived,dynamic_test_scope,dynamic_scope_relevant_survivors,dynamic_scope_out_of_scope_survivors,dynamic_scope_uncertain_survivors,dynamic_mutation_report_path,dynamic_surviving_mutants,dynamic_killed_mutants,dynamic_mutation_records,dynamic_mutation_detail,eval_dynamic_analysis_status,eval_dynamic_quality_label,eval_dynamic_failure_category,eval_dynamic_root_cause,eval_dynamic_evidence_summary,eval_dynamic_fault_detection_gaps,eval_dynamic_relevant_surviving_mutants,eval_dynamic_out_of_scope_surviving_mutants,eval_dynamic_uncertain_surviving_mutants,eval_dynamic_prioritized_repairs,eval_dynamic_should_refine,validation_refined_syntax_passed,validation_execution_status,validation_execution_success,validation_execution_return_code,validation_execution_seconds,validation_execution_failed_steps,validation_execution_stdout_tail,validation_execution_stderr_tail,validation_execution_artifact_dir,validation_dynamic_coverage_status,validation_dynamic_coverage_score,validation_step_success_coverage,validation_action_step_coverage,validation_oracle_step_coverage,validation_steps_total,validation_steps_passed,validation_steps_failed,validation_dynamic_mutation_status,validation_dynamic_mutation_score,validation_relevant_mutation_score,validation_mutation_scope_status,validation_mutants_total,validation_relevant_mutants_total,validation_relevant_mutants_killed,validation_relevant_mutants_survived,validation_mutants_killed,validation_mutants_survived,validation_mutants_timeout,validation_mutants_inconclusive,validation_mutation_report_path,validation_surviving_mutants,repair_validation_status,repair_delta_coverage,repair_delta_mutation,repair_comparison_summary
E2ESD_Bench_01,1,4,"
    You are tasked with implementing a complete web application using HTML, JavaScript, and CSS. Your implementation must strictly follow the specifications described below.
    SUMMARY:
    {
    ""overview"": ""The application is a drag-and-drop shopping cart interface where users can drag items from a list and drop them into a designated area to add them to their cart. The application calculates and displays the total cost of the items in the cart."",
    ""predefined_options"": ""The application uses predefined product titles and prices for each item, which are displayed in a list format."",
    ""external_resources"": ""Images for each product are used as external resources, sourced from local paths such as 'img/img1.jpg', 'img/img2.jpg', etc."",
    ""external_js_libraries"": ""No external JavaScript libraries are explicitly mentioned in the provided code.""
}
    ## Functional Requirements
    Implement the following features as described. For each requirement, make sure the HTML structure, JavaScript behavior, and CSS styles match the specifications exactly.
    REQUIREMENTS:
    - Requirement 1: 
When the user drags a product item (li element) from the product list, the system should initiate a drag event, capturing the product's title and price for transfer. The product items are represented as 'li' elements with the attribute 'draggable' set to 'true'. Each product item contains an image, a title, and a price, identified by data-testid attributes such as 'product-item-1', 'product-title-1', and 'product-price-1'. The drag event should capture the title and price of the product being dragged. 
- Requirement 2: 
The system should allow users to drag and drop product items(data-testid=""product-item-1"", data-testid=""product-item-2"", etc.) into a designated drop area (id=""div1"", data-testid=""drop-area"") to add them to the cart. Upon dropping, the cart display should automatically update: the product title appears in .box2, the unit price in .box3, and the quantity in .box1. The system supports adding both different and repeated products.
- Requirement 3: 
""The system calculates the total price by summing the prices of all products in the cart, formatting the total to two decimal places with the appropriate currency symbol (e.g., '$80.00'), and displays the total in the <div id=""allMoney""> element.""

    
    ## Output Format
    Provide a clean and complete implementation including:
    1. HTML structure (including necessary `data-testid`, `id`, and `class` values).
    2. JavaScript functionality that matches the behavior described.
    3. CSS for styling according to BEM and required class names.
    4. Ensure that the text content in the components is exactly as specified in the requirements.
    Do not include any extra components or libraries not listed above. Keep your code concise, semantic, and standards-compliant.
    ","{'overview': 'The application is a drag-and-drop shopping cart interface where users can drag items from a list and drop them into a designated area to add them to their cart. The application calculates and displays the total cost of the items in the cart.', 'predefined_options': 'The application uses predefined product titles and prices for each item, which are displayed in a list format.', 'external_resources': ""Images for each product are used as external resources, sourced from local paths such as 'img/img1.jpg', 'img/img2.jpg', etc."", 'external_js_libraries': 'No external JavaScript libraries are explicitly mentioned in the provided code.'}","When the user drags a product item (li element) from the product list, the system should initiate a drag event, capturing the product's title and price for transfer. The product items are represented as 'li' elements with the attribute 'draggable' set to 'true'. Each product item contains an image, a title, and a price, identified by data-testid attributes such as 'product-item-1', 'product-title-1', and 'product-price-1'. The drag event should capture the title and price of the product being dragged. ",https://anonymous.4open.science/r/E2EDev/E2EDev_data/E2ESD_Bench_01/,"Feature: Drag and Drop Product Item
  The system should initiate a drag event when a user drags a product item from the product list, capturing the product's title and price for transfer.


  Scenario: [Error] Attempting to drag a non-draggable element
    Given the webpage is loaded with a product list
    When the user attempts to drag the non-draggable element with data-testid ""drop-area""
    Then no drag event should be initiated
    And no product title should be captured
    And no product price should be captured","from behave import given, when, then
from selenium import webdriver
from selenium.webdriver.common.by import By
from selenium.webdriver.support.ui import WebDriverWait
from selenium.webdriver.support import expected_conditions as EC
import time

file_path = ""index.html""

def is_drag_event_initiated(driver, element):
    # This function checks if a drag event is initiated by checking if the element is draggable
    return element.get_attribute(""draggable"") == ""true""

@given('the webpage is loaded with a product list')
def step_given_webpage_loaded(context):
    context.driver = webdriver.Chrome()
    context.driver.get(f""file://index.html"")
    time.sleep(1)  # Allow time for the page to load

@when('the user attempts to drag the non-draggable element with data-testid ""drop-area""')
def step_when_attempt_drag_non_draggable(context):
    drop_area = WebDriverWait(context.driver, 10).until(
        EC.presence_of_element_located((By.CSS_SELECTOR, ""[data-testid='drop-area']""))
    )
    context.drag_event_initiated = is_drag_event_initiated(context.driver, drop_area)
    time.sleep(1)

@then('no drag event should be initiated')
def step_then_no_drag_event_initiated(context):
    assert not context.drag_event_initiated, ""Drag event was incorrectly initiated for a non-draggable element.""

@then('no product title should be captured')
def step_then_no_product_title_captured(context):
    # Since no drag event is initiated, no title should be captured
    # This is a placeholder check as actual drag data capture would require JS execution
    assert True, ""No product title should be captured.""

@then('no product price should be captured')
def step_then_no_product_price_captured(context):
    # Since no drag event is initiated, no price should be captured
    # This is a placeholder check as actual drag data capture would require JS execution
    assert True, ""No product price should be captured.""

def after_scenario(context, scenario):
    context.driver.quit()",G:\学\语言资料\语言学\NLP_CL\LMU_cis\E2E\Agentic_E2Etest_Evaluator_5\workspace\E2EDev_data\E2ESD_Bench_01\source_projcet,PASSED,40.0,2,0,65,9.95,27.96,HYBRID_STATIC_EXECUTION,"Static=9.95 from requirement coverage 40.0 minus penalties 30.05 (assertion=9.8, hallucination=0.0, smells=15.0, maintainability=5.25, no_assertion=0.0). Execution=PASSED. BDD step-execution diagnostic=100.0 (not directly scored). Raw mutation=None is retained for suite aggregation; scope-aware test mutation=NO_DYNAMIC_SCOPE_EVIDENCE:None. Mode=HYBRID_STATIC_EXECUTION. Dynamic analyst=INCONCLUSIVE: Dynamic Evidence Analyst disabled by configuration. Critic caveat=None.","{""syntax"": {""status"": ""success"", ""score"": null, ""rationale"": ""syntax completed with status success."", ""artifacts"": {}, ""evidence"": {""syntax_passed"": true, ""error_message"": """", ""static_actions_count"": 0, ""static_assertions_count"": 3, ""static_hardcoded_selectors"": [], ""static_stable_selectors"": [], ""static_medium_risk_selectors"": [], ""static_brittle_selectors"": [], ""static_magic_numbers"": [], ""static_action_methods"": [], ""static_assertion_methods"": [""python_assert"", ""python_assert"", ""python_assert""]}, ""failure_reason"": """"}, ""requirement_alignment"": {""status"": ""completed"", ""score"": null, ""rationale"": ""requirement_alignment completed with status completed."", ""artifacts"": {}, ""evidence"": {""total_requirements_count"": 5, ""covered_requirements"": [""The system should not initiate a drag event for non-draggable elements""], ""partially_covered_requirements"": [""Drag and drop functionality: The test script only validates the negative case (non-draggable) and lacks implementation for the actual drag-and-drop action of valid product items."", ""Capture product title and price: The script contains placeholders for these assertions but does not perform actual data capture or validation of the drag-and-drop data transfer mechanism.""], ""missing_requirements"": [""Initiate drag event for valid product items (li elements with draggable='true')"", ""Calculate and display the total cost of items in the cart""]}, ""failure_reason"": """"}, ""assertion_quality"": {""status"": ""completed"", ""score"": 2.0, ""rationale"": ""The assertions for title and price capture are effectively no-ops (assert True). To properly validate the requirement, the test should execute JavaScript via the driver to inspect the DataTransfer object or the global drag state to confirm that no data payload exists, rather than relying on placeholder assertions."", ""artifacts"": {}, ""evidence"": {""assertion_score"": 2, ""strong_assertions"": [""assert not context.drag_event_initiated, 'Drag event was incorrectly initiated for a non-draggable element.'""], ""weak_assertions"": [""assert True, 'No product title should be captured.'"", ""assert True, 'No product price should be captured.'""], ""missing_assertions_rationale"": ""The assertions for title and price capture are effectively no-ops (assert True). To properly validate the requirement, the test should execute JavaScript via the driver to inspect the DataTransfer object or the global drag state to confirm that no data payload exists, rather than relying on placeholder assertions.""}, ""failure_reason"": """"}, ""hallucination_smell"": {""status"": ""completed"", ""score"": null, ""rationale"": ""hallucination_smell completed with status completed."", ""artifacts"": {}, ""evidence"": {""hallucination_count"": 0, ""hallucinations"": [], ""test_smells"": [""time.sleep() abuse: Used in step_given_webpage_loaded and step_when_attempt_drag_non_draggable instead of explicit waits or polling."", ""Missing teardown: The 'after_scenario' function is defined but not registered as a hook in the behave environment, risking orphaned driver processes if a test fails."", ""Empty assertions: 'no product title should be captured' and 'no product price should be captured' steps use 'assert True' as placeholders, providing no actual validation of the system state.""]}, ""failure_reason"": """"}, ""maintainability"": {""status"": ""completed"", ""score"": 65.0, ""rationale"": ""The test code uses stable data-testid selectors, which is excellent. However, the maintainability is hampered by the use of hardcoded 'time.sleep' calls, which are prone to race conditions. The test structure is also tightly coupled to the step definitions, making it difficult to scale. The placeholder assertions in the 'then' steps provide no actual value and should be replaced with meaningful logic or removed to reduce test noise."", ""artifacts"": {}, ""evidence"": {""maintainability_score"": 65, ""hardcoded_selector_issues"": [], ""duplication_issues"": [""The 'then' steps for product title and price capture are empty placeholders that provide no functional validation, leading to redundant test steps.""], ""naming_issues"": [], ""readability_issues"": [""Use of 'time.sleep(1)' is a bad practice; it introduces flakiness and slows down test execution. Explicit waits should be used instead."", ""The file path 'index.html' is hardcoded inside the step definition rather than being managed via configuration."", ""The driver initialization is performed directly in the step definition, violating the separation of concerns; it should be handled in 'environment.py'.""], ""maintainability_rationale"": ""The test code uses stable data-testid selectors, which is excellent. However, the maintainability is hampered by the use of hardcoded 'time.sleep' calls, which are prone to race conditions. The test structure is also tightly coupled to the step definitions, making it difficult to scale. The placeholder assertions in the 'then' steps provide no actual value and should be replaced with meaningful logic or removed to reduce test noise.""}, ""failure_reason"": """"}, ""execution"": {""status"": ""PASSED"", ""score"": null, ""rationale"": ""execution completed with status PASSED."", ""artifacts"": {""behave_report_path"": ""G:\\学\\语言资料\\语言学\\NLP_CL\\LMU_cis\\E2E\\Agentic_E2Etest_Evaluator_5\\artifacts\\dynamic\\results\\E2ESD_Bench_01_req1_test4_row0\\baseline\\behave_report.json"", ""execution_artifact_dir"": ""artifacts\\dynamic\\results\\E2ESD_Bench_01_req1_test4_row0\\baseline"", ""workspace_dir"": ""artifacts\\dynamic\\workspaces\\E2ESD_Bench_01_req1_test4_row0\\baseline"", ""input_source_project_dir"": ""G:\\学\\语言资料\\语言学\\NLP_CL\\LMU_cis\\E2E\\Agentic_E2Etest_Evaluator_5\\workspace\\E2EDev_data\\E2ESD_Bench_01\\source_projcet"", ""resolved_source_project_dir"": ""G:\\学\\语言资料\\语言学\\NLP_CL\\LMU_cis\\E2E\\Agentic_E2Etest_Evaluator_5\\workspace\\E2EDev_data\\E2ESD_Bench_01\\source_projcet""}, ""evidence"": {""execution_status"": ""PASSED"", ""execution_return_code"": 0, ""execution_duration_seconds"": 10.313, ""execution_command"": ""F:\\anaconda3\\envs\\e2e_eval311\\python.exe -m behave features/generated.feature --no-capture --format=json.pretty --outfile G:\\学\\语言资料\\语言学\\NLP_CL\\LMU_cis\\E2E\\Agentic_E2Etest_Evaluator_5\\artifacts\\dynamic\\results\\E2ESD_Bench_01_req1_test4_row0\\baseline\\behave_report.json -D artifact_dir=G:\\学\\语言资料\\语言学\\NLP_CL\\LMU_cis\\E2E\\Agentic_E2Etest_Evaluator_5\\artifacts\\dynamic\\results\\E2ESD_Bench_01_req1_test4_row0\\baseline"", ""execution_environment"": {""python_version"": ""3.11.15 | packaged by Anaconda, Inc. | (main, Jun 11 2026, 15:12:53) [MSC v.1942 64 bit (AMD64)]"", ""platform"": ""Windows-10-10.0.22631-SP0"", ""python_executable"": ""F:\\anaconda3\\envs\\e2e_eval311\\python.exe"", ""headless"": ""true""}, ""execution_failed_steps"": [], ""execution_report_summary"": """", ""execution_success"": true, ""reference_resolution"": {""resolution_status"": ""success"", ""source_url"": ""https://anonymous.4open.science/r/E2EDev/E2EDev_data/E2ESD_Bench_01/"", ""project_identifier"": ""E2ESD_Bench_01--563834470a"", ""local_path"": ""G:\\学\\语言资料\\语言学\\NLP_CL\\LMU_cis\\E2E\\Agentic_E2Etest_Evaluator_5\\workspace\\E2EDev_data\\E2ESD_Bench_01\\source_projcet"", ""cache_hit"": false, ""retrieval_method"": ""local_override"", ""validation_result"": {""valid"": true, ""expected_patterns"": [], ""matched_files"": [""index.html""], ""missing_patterns"": [], ""message"": ""Validated 1 source file(s).""}, ""failure_reason"": """", ""source_origin"": ""LOCAL_SOURCE_OVERRIDE"", ""input_source_project_dir"": ""G:\\学\\语言资料\\语言学\\NLP_CL\\LMU_cis\\E2E\\Agentic_E2Etest_Evaluator_5\\workspace\\E2EDev_data\\E2ESD_Bench_01\\source_projcet"", ""resolved_source_project_dir"": ""G:\\学\\语言资料\\语言学\\NLP_CL\\LMU_cis\\E2E\\Agentic_E2Etest_Evaluator_5\\workspace\\E2EDev_data\\E2ESD_Bench_01\\source_projcet"", ""resolved_entrypoint"": ""G:\\学\\语言资料\\语言学\\NLP_CL\\LMU_cis\\E2E\\Agentic_E2Etest_Evaluator_5\\workspace\\E2EDev_data\\E2ESD_Bench_01\\source_projcet\\index.html"", ""local_override_diagnostic"": """"}, ""source_origin"": ""LOCAL_SOURCE_OVERRIDE"", ""resolved_entrypoint"": ""G:\\学\\语言资料\\语言学\\NLP_CL\\LMU_cis\\E2E\\Agentic_E2Etest_Evaluator_5\\workspace\\E2EDev_data\\E2ESD_Bench_01\\source_projcet\\index.html"", ""local_override_diagnostic"": """"}, ""failure_reason"": """"}, ""bdd_step_coverage"": {""status"": ""PASSED"", ""score"": 100.0, ""rationale"": ""Diagnostic BDD step-execution evidence; it does not measure requirement completeness or source branch coverage."", ""artifacts"": {}, ""evidence"": {""dynamic_coverage_status"": ""PASSED"", ""dynamic_coverage_score"": 100.0, ""step_success_coverage"": 100.0, ""action_step_coverage"": 100.0, ""oracle_step_coverage"": 100.0, ""dynamic_steps_total"": 5, ""dynamic_steps_executed"": 5, ""dynamic_steps_passed"": 5, ""dynamic_steps_failed"": 0, ""dynamic_steps_skipped"": 0, ""dynamic_actions_total"": 1, ""dynamic_actions_passed"": 1, ""dynamic_oracles_total"": 3, ""dynamic_oracles_passed"": 3, ""dynamic_coverage_detail"": ""Diagnostic BDD step-execution evidence; it does not measure requirement completeness or source branch coverage.""}, ""failure_reason"": """"}, ""python_coverage"": {""status"": ""skipped"", ""score"": null, ""rationale"": ""Python coverage evaluation is disabled."", ""artifacts"": {""input_source_project_dir"": ""G:\\学\\语言资料\\语言学\\NLP_CL\\LMU_cis\\E2E\\Agentic_E2Etest_Evaluator_5\\workspace\\E2EDev_data\\E2ESD_Bench_01\\source_projcet"", ""resolved_source_project_dir"": ""G:\\学\\语言资料\\语言学\\NLP_CL\\LMU_cis\\E2E\\Agentic_E2Etest_Evaluator_5\\workspace\\E2EDev_data\\E2ESD_Bench_01\\source_projcet""}, ""evidence"": {""coverage_status"": ""skipped"", ""coverage_execution_status"": ""skipped_disabled"", ""total_line_coverage"": null, ""total_branch_coverage"": null, ""covered_lines"": {}, ""missing_lines"": {}, ""covered_branches"": {}, ""missing_branches"": {}, ""source_files_measured"": [], ""coverage_command_run"": """", ""coverage_failure_reason"": ""Python coverage evaluation is disabled."", ""coverage_report_path"": """", ""coverage_artifact_dir"": """", ""reference_resolution"": {""resolution_status"": ""success"", ""source_url"": ""https://anonymous.4open.science/r/E2EDev/E2EDev_data/E2ESD_Bench_01/"", ""project_identifier"": ""E2ESD_Bench_01--563834470a"", ""local_path"": ""G:\\学\\语言资料\\语言学\\NLP_CL\\LMU_cis\\E2E\\Agentic_E2Etest_Evaluator_5\\workspace\\E2EDev_data\\E2ESD_Bench_01\\source_projcet"", ""cache_hit"": false, ""retrieval_method"": ""local_override"", ""validation_result"": {""valid"": true, ""expected_patterns"": [], ""matched_files"": [""index.html""], ""missing_patterns"": [], ""message"": ""Validated 1 source file(s).""}, ""failure_reason"": """", ""source_origin"": ""LOCAL_SOURCE_OVERRIDE"", ""input_source_project_dir"": ""G:\\学\\语言资料\\语言学\\NLP_CL\\LMU_cis\\E2E\\Agentic_E2Etest_Evaluator_5\\workspace\\E2EDev_data\\E2ESD_Bench_01\\source_projcet"", ""resolved_source_project_dir"": ""G:\\学\\语言资料\\语言学\\NLP_CL\\LMU_cis\\E2E\\Agentic_E2Etest_Evaluator_5\\workspace\\E2EDev_data\\E2ESD_Bench_01\\source_projcet"", ""resolved_entrypoint"": ""G:\\学\\语言资料\\语言学\\NLP_CL\\LMU_cis\\E2E\\Agentic_E2Etest_Evaluator_5\\workspace\\E2EDev_data\\E2ESD_Bench_01\\source_projcet\\index.html"", ""local_override_diagnostic"": """"}, ""source_origin"": ""LOCAL_SOURCE_OVERRIDE"", ""resolved_entrypoint"": ""G:\\学\\语言资料\\语言学\\NLP_CL\\LMU_cis\\E2E\\Agentic_E2Etest_Evaluator_5\\workspace\\E2EDev_data\\E2ESD_Bench_01\\source_projcet\\index.html"", ""local_override_diagnostic"": """", ""coverage_result"": {""coverage_status"": ""skipped"", ""execution_status"": ""skipped_disabled"", ""total_line_coverage"": null, ""total_branch_coverage"": null, ""covered_lines"": {}, ""missing_lines"": {}, ""covered_branches"": {}, ""missing_branches"": {}, ""source_files_measured"": [], ""command_run"": """", ""stdout_summary"": """", ""stderr_summary"": """", ""failure_reason"": ""Python coverage evaluation is disabled."", ""reference_resolution"": {""resolution_status"": ""success"", ""source_url"": ""https://anonymous.4open.science/r/E2EDev/E2EDev_data/E2ESD_Bench_01/"", ""project_identifier"": ""E2ESD_Bench_01--563834470a"", ""local_path"": ""G:\\学\\语言资料\\语言学\\NLP_CL\\LMU_cis\\E2E\\Agentic_E2Etest_Evaluator_5\\workspace\\E2EDev_data\\E2ESD_Bench_01\\source_projcet"", ""cache_hit"": false, ""retrieval_method"": ""local_override"", ""validation_result"": {""valid"": true, ""expected_patterns"": [], ""matched_files"": [""index.html""], ""missing_patterns"": [], ""message"": ""Validated 1 source file(s).""}, ""failure_reason"": """", ""source_origin"": ""LOCAL_SOURCE_OVERRIDE"", ""input_source_project_dir"": ""G:\\学\\语言资料\\语言学\\NLP_CL\\LMU_cis\\E2E\\Agentic_E2Etest_Evaluator_5\\workspace\\E2EDev_data\\E2ESD_Bench_01\\source_projcet"", ""resolved_source_project_dir"": ""G:\\学\\语言资料\\语言学\\NLP_CL\\LMU_cis\\E2E\\Agentic_E2Etest_Evaluator_5\\workspace\\E2EDev_data\\E2ESD_Bench_01\\source_projcet"", ""resolved_entrypoint"": ""G:\\学\\语言资料\\语言学\\NLP_CL\\LMU_cis\\E2E\\Agentic_E2Etest_Evaluator_5\\workspace\\E2EDev_data\\E2ESD_Bench_01\\source_projcet\\index.html"", ""local_override_diagnostic"": """"}}}, ""failure_reason"": ""Python coverage evaluation is disabled.""}, ""mutation"": {""status"": ""SKIPPED_DISABLED"", ""score"": null, ""rationale"": ""Mutation testing is disabled by configuration."", ""artifacts"": {}, ""evidence"": {""mutation_status"": ""SKIPPED_DISABLED"", ""mutation_score"": null, ""total_mutants_generated"": 0, ""valid_mutants"": 0, ""killed_mutants"": 0, ""survived_mutants"": 0, ""invalid_mutants"": 0, ""per_operator_breakdown"": {}, ""surviving_mutant_report"": [], ""mutants_total"": 0, ""mutants_killed"": 0, ""mutants_survived"": 0, ""mutants_timeout"": 0, ""mutants_inconclusive"": 0, ""mutation_scope_status"": ""NO_DYNAMIC_SCOPE_EVIDENCE"", ""relevant_mutation_score"": null, ""relevant_mutants_total"": 0, ""relevant_mutants_killed"": 0, ""relevant_mutants_survived"": 0, ""relevant_mutants_timeout"": 0, ""relevant_mutants_inconclusive"": 0, ""out_of_scope_mutants_total"": 0, ""out_of_scope_mutants_survived"": 0, ""uncertain_mutants_total"": 0, ""uncertain_mutants_survived"": 0, ""scope_relevant_surviving_mutants"": [], ""scope_out_of_scope_surviving_mutants"": [], ""scope_uncertain_surviving_mutants"": [], ""test_scope"": {}, ""mutation_report_path"": """", ""surviving_mutants"": [], ""killed_mutant_report"": [], ""mutation_metrics"": {""total_mutants_generated"": 0, ""valid_mutants"": 0, ""killed_mutants"": 0, ""survived_mutants"": 0, ""invalid_mutants"": 0, ""mutation_score"": null, ""per_operator_breakdown"": {}}, ""mutation_records"": [], ""mutation_detail"": ""Mutation testing is disabled by configuration.""}, ""failure_reason"": """"}, ""dynamic_evidence_analyst"": {""status"": ""SKIPPED_DISABLED"", ""score"": null, ""rationale"": ""dynamic_evidence_analyst completed with status SKIPPED_DISABLED."", ""artifacts"": {}, ""evidence"": {""dynamic_analysis_status"": ""SKIPPED_DISABLED"", ""dynamic_quality_label"": ""INCONCLUSIVE"", ""failure_category"": ""NOT_ANALYZED"", ""root_cause"": ""Dynamic Evidence Analyst disabled by configuration."", ""dynamic_evidence_summary"": ""Dynamic Evidence Analyst disabled by configuration."", ""fault_detection_gaps"": [], ""analyst_relevant_surviving_mutants"": [], ""analyst_out_of_scope_surviving_mutants"": [], ""analyst_uncertain_surviving_mutants"": [], ""prioritized_repairs"": [], ""should_refine"": false}, ""failure_reason"": """"}, ""critic"": {""status"": ""SKIPPED_DISABLED"", ""score"": null, ""rationale"": ""critic completed with status SKIPPED_DISABLED."", ""artifacts"": {}, ""evidence"": {""has_conflict"": false, ""critic_status"": ""SKIPPED_DISABLED"", ""critic_feedback"": ""Critic disabled by configuration."", ""critic_score_caveat"": ""None"", ""revision_count"": 0}, ""failure_reason"": """"}, ""consensus"": {""status"": ""completed"", ""score"": 27.96, ""rationale"": ""Static=9.95 from requirement coverage 40.0 minus penalties 30.05 (assertion=9.8, hallucination=0.0, smells=15.0, maintainability=5.25, no_assertion=0.0). Execution=PASSED. BDD step-execution diagnostic=100.0 (not directly scored). Raw mutation=None is retained for suite aggregation; scope-aware test mutation=NO_DYNAMIC_SCOPE_EVIDENCE:None. Mode=HYBRID_STATIC_EXECUTION. Dynamic analyst=INCONCLUSIVE: Dynamic Evidence Analyst disabled by configuration. Critic caveat=None."", ""artifacts"": {}, ""evidence"": {""requirement_coverage"": 40.0, ""static_overall_score"": 9.95, ""overall_score"": 27.96, ""score_mode"": ""HYBRID_STATIC_EXECUTION"", ""final_reasoning"": ""Static=9.95 from requirement coverage 40.0 minus penalties 30.05 (assertion=9.8, hallucination=0.0, smells=15.0, maintainability=5.25, no_assertion=0.0). Execution=PASSED. BDD step-execution diagnostic=100.0 (not directly scored). Raw mutation=None is retained for suite aggregation; scope-aware test mutation=NO_DYNAMIC_SCOPE_EVIDENCE:None. Mode=HYBRID_STATIC_EXECUTION. Dynamic analyst=INCONCLUSIVE: Dynamic Evidence Analyst disabled by configuration. Critic caveat=None.""}, ""failure_reason"": """"}, ""refiner"": {""status"": ""SKIPPED_DISABLED"", ""score"": null, ""rationale"": ""refiner completed with status SKIPPED_DISABLED."", ""artifacts"": {}, ""evidence"": {""improvement_report"": ""Refiner disabled by configuration."", ""refiner_status"": ""SKIPPED_DISABLED"", ""refiner_scope"": ""STEP_CODE_ONLY"", ""refiner_scope_violation"": false, ""refiner_scope_violation_detail"": """"}, ""failure_reason"": """"}, ""repair_safety_gate"": {""status"": ""SKIPPED_DISABLED"", ""score"": null, ""rationale"": ""No changed refiner proposal was available."", ""artifacts"": {}, ""evidence"": {""refiner_accepted"": false, ""refiner_rejection_reason"": ""No changed refiner proposal was available."", ""refiner_status"": ""SKIPPED_DISABLED""}, ""failure_reason"": """"}, ""repair_comparison"": {""status"": ""NOT_VALIDATED"", ""score"": null, ""rationale"": ""No accepted refined code is available for before/after comparison."", ""artifacts"": {}, ""evidence"": {""repair_validation_status"": ""NOT_VALIDATED"", ""repair_delta_coverage"": null, ""repair_delta_mutation"": null, ""repair_comparison_summary"": ""No accepted refined code is available for before/after comparison.""}, ""failure_reason"": """"}}",False,SKIPPED_DISABLED,Critic disabled by configuration.,None,Refiner disabled by configuration.,SKIPPED_DISABLED,STEP_CODE_ONLY,False,,False,No changed refiner proposal was available.,,"from behave import given, when, then
from selenium import webdriver
from selenium.webdriver.common.by import By
from selenium.webdriver.support.ui import WebDriverWait
from selenium.webdriver.support import expected_conditions as EC
import time

file_path = ""index.html""

def is_drag_event_initiated(driver, element):
    # This function checks if a drag event is initiated by checking if the element is draggable
    return element.get_attribute(""draggable"") == ""true""

@given('the webpage is loaded with a product list')
def step_given_webpage_loaded(context):
    context.driver = webdriver.Chrome()
    context.driver.get(f""file://index.html"")
    time.sleep(1)  # Allow time for the page to load

@when('the user attempts to drag the non-draggable element with data-testid ""drop-area""')
def step_when_attempt_drag_non_draggable(context):
    drop_area = WebDriverWait(context.driver, 10).until(
        EC.presence_of_element_located((By.CSS_SELECTOR, ""[data-testid='drop-area']""))
    )
    context.drag_event_initiated = is_drag_event_initiated(context.driver, drop_area)
    time.sleep(1)

@then('no drag event should be initiated')
def step_then_no_drag_event_initiated(context):
    assert not context.drag_event_initiated, ""Drag event was incorrectly initiated for a non-draggable element.""

@then('no product title should be captured')
def step_then_no_product_title_captured(context):
    # Since no drag event is initiated, no title should be captured
    # This is a placeholder check as actual drag data capture would require JS execution
    assert True, ""No product title should be captured.""

@then('no product price should be captured')
def step_then_no_product_price_captured(context):
    # Since no drag event is initiated, no price should be captured
    # This is a placeholder check as actual drag data capture would require JS execution
    assert True, ""No product price should be captured.""

def after_scenario(context, scenario):
    context.driver.quit()",0,3,None,None,None,None,None,"The 'then' steps for product title and price capture are empty placeholders that provide no functional validation, leading to redundant test steps.",None,"Use of 'time.sleep(1)' is a bad practice; it introduces flakiness and slows down test execution. Explicit waits should be used instead.; The file path 'index.html' is hardcoded inside the step definition rather than being managed via configuration.; The driver initialization is performed directly in the step definition, violating the separation of concerns; it should be handled in 'environment.py'.",PASSED,True,0,10.313,"USING RUNNER: behave.runner:Runner
1 feature passed, 0 failed, 0 skipped
1 scenario passed, 0 failed, 0 skipped
5 steps passed, 0 failed, 0 skipped
Took 0min 6.355s
",,[],,artifacts\dynamic\results\E2ESD_Bench_01_req1_test4_row0\baseline,G:\学\语言资料\语言学\NLP_CL\LMU_cis\E2E\Agentic_E2Etest_Evaluator_5\artifacts\dynamic\results\E2ESD_Bench_01_req1_test4_row0\baseline\behave_report.json,F:\anaconda3\envs\e2e_eval311\python.exe -m behave features/generated.feature --no-capture --format=json.pretty --outfile G:\学\语言资料\语言学\NLP_CL\LMU_cis\E2E\Agentic_E2Etest_Evaluator_5\artifacts\dynamic\results\E2ESD_Bench_01_req1_test4_row0\baseline\behave_report.json -D artifact_dir=G:\学\语言资料\语言学\NLP_CL\LMU_cis\E2E\Agentic_E2Etest_Evaluator_5\artifacts\dynamic\results\E2ESD_Bench_01_req1_test4_row0\baseline,"{""python_version"": ""3.11.15 | packaged by Anaconda, Inc. | (main, Jun 11 2026, 15:12:53) [MSC v.1942 64 bit (AMD64)]"", ""platform"": ""Windows-10-10.0.22631-SP0"", ""python_executable"": ""F:\\anaconda3\\envs\\e2e_eval311\\python.exe"", ""headless"": ""true""}",PASSED,100.0,100.0,100.0,100.0,5,5,5,0,0,1,1,3,3,Diagnostic BDD step-execution evidence; it does not measure requirement completeness or source branch coverage.,skipped,skipped_disabled,,,{},{},{},{},[],,,,Python coverage evaluation is disabled.,,,"{""coverage_status"": ""skipped"", ""execution_status"": ""skipped_disabled"", ""total_line_coverage"": null, ""total_branch_coverage"": null, ""covered_lines"": {}, ""missing_lines"": {}, ""covered_branches"": {}, ""missing_branches"": {}, ""source_files_measured"": [], ""command_run"": """", ""stdout_summary"": """", ""stderr_summary"": """", ""failure_reason"": ""Python coverage evaluation is disabled."", ""reference_resolution"": {""resolution_status"": ""success"", ""source_url"": ""https://anonymous.4open.science/r/E2EDev/E2EDev_data/E2ESD_Bench_01/"", ""project_identifier"": ""E2ESD_Bench_01--563834470a"", ""local_path"": ""G:\\学\\语言资料\\语言学\\NLP_CL\\LMU_cis\\E2E\\Agentic_E2Etest_Evaluator_5\\workspace\\E2EDev_data\\E2ESD_Bench_01\\source_projcet"", ""cache_hit"": false, ""retrieval_method"": ""local_override"", ""validation_result"": {""valid"": true, ""expected_patterns"": [], ""matched_files"": [""index.html""], ""missing_patterns"": [], ""message"": ""Validated 1 source file(s).""}, ""failure_reason"": """", ""source_origin"": ""LOCAL_SOURCE_OVERRIDE"", ""input_source_project_dir"": ""G:\\学\\语言资料\\语言学\\NLP_CL\\LMU_cis\\E2E\\Agentic_E2Etest_Evaluator_5\\workspace\\E2EDev_data\\E2ESD_Bench_01\\source_projcet"", ""resolved_source_project_dir"": ""G:\\学\\语言资料\\语言学\\NLP_CL\\LMU_cis\\E2E\\Agentic_E2Etest_Evaluator_5\\workspace\\E2EDev_data\\E2ESD_Bench_01\\source_projcet"", ""resolved_entrypoint"": ""G:\\学\\语言资料\\语言学\\NLP_CL\\LMU_cis\\E2E\\Agentic_E2Etest_Evaluator_5\\workspace\\E2EDev_data\\E2ESD_Bench_01\\source_projcet\\index.html"", ""local_override_diagnostic"": """"}}","{""resolution_status"": ""success"", ""source_url"": ""https://anonymous.4open.science/r/E2EDev/E2EDev_data/E2ESD_Bench_01/"", ""project_identifier"": ""E2ESD_Bench_01--563834470a"", ""local_path"": ""G:\\学\\语言资料\\语言学\\NLP_CL\\LMU_cis\\E2E\\Agentic_E2Etest_Evaluator_5\\workspace\\E2EDev_data\\E2ESD_Bench_01\\source_projcet"", ""cache_hit"": false, ""retrieval_method"": ""local_override"", ""validation_result"": {""valid"": true, ""expected_patterns"": [], ""matched_files"": [""index.html""], ""missing_patterns"": [], ""message"": ""Validated 1 source file(s).""}, ""failure_reason"": """", ""source_origin"": ""LOCAL_SOURCE_OVERRIDE"", ""input_source_project_dir"": ""G:\\学\\语言资料\\语言学\\NLP_CL\\LMU_cis\\E2E\\Agentic_E2Etest_Evaluator_5\\workspace\\E2EDev_data\\E2ESD_Bench_01\\source_projcet"", ""resolved_source_project_dir"": ""G:\\学\\语言资料\\语言学\\NLP_CL\\LMU_cis\\E2E\\Agentic_E2Etest_Evaluator_5\\workspace\\E2EDev_data\\E2ESD_Bench_01\\source_projcet"", ""resolved_entrypoint"": ""G:\\学\\语言资料\\语言学\\NLP_CL\\LMU_cis\\E2E\\Agentic_E2Etest_Evaluator_5\\workspace\\E2EDev_data\\E2ESD_Bench_01\\source_projcet\\index.html"", ""local_override_diagnostic"": """"}",LOCAL_SOURCE_OVERRIDE,G:\学\语言资料\语言学\NLP_CL\LMU_cis\E2E\Agentic_E2Etest_Evaluator_5\workspace\E2EDev_data\E2ESD_Bench_01\source_projcet,G:\学\语言资料\语言学\NLP_CL\LMU_cis\E2E\Agentic_E2Etest_Evaluator_5\workspace\E2EDev_data\E2ESD_Bench_01\source_projcet,G:\学\语言资料\语言学\NLP_CL\LMU_cis\E2E\Agentic_E2Etest_Evaluator_5\workspace\E2EDev_data\E2ESD_Bench_01\source_projcet\index.html,,SKIPPED_DISABLED,,0,0,0,{},[],0,0,0,0,0,NO_DYNAMIC_SCOPE_EVIDENCE,,0,0,0,0,0,0,0,{},None,None,None,,None,None,[],Mutation testing is disabled by configuration.,SKIPPED_DISABLED,INCONCLUSIVE,NOT_ANALYZED,Dynamic Evidence Analyst disabled by configuration.,Dynamic Evidence Analyst disabled by configuration.,None,None,None,None,None,False,False,NOT_RUN,False,-1,0.0,[],,,,NOT_RUN,,,,,0,0,0,NOT_RUN,,,NO_DYNAMIC_SCOPE_EVIDENCE,0,0,0,0,0,0,0,0,,None,NOT_VALIDATED,,,No accepted refined code is available for before/after comparison.
